Year,Month,WD_Count
1950,1,12
1950,2,12
1950,3,11
1950,4,10
1950,5,6
1950,6,4
1950,7,1
1950,8,1
1950,9,3
1950,10,8
1950,11,14
1950,12,13
1951,1,12
1951,2,11
1951,3,12
1951,4,12
1951,5,7
1951,6,3
1951,7,1
1951,9,3
1951,10,8
1951,11,6
1951,12,10
1952,1,13
1952,2,13
1952,3,12
1952,4,8
1952,5,6
1952,6,2
1952,7,2
1952,8,2
1952,9,2
1952,10,11
1952,11,7
1952,12,18
1953,1,16
1953,2,13
1953,3,10
1953,4,4
1953,5,8
1953,6,4
1953,7,3
1953,8,1
1953,9,5
1953,10,8
1953,11,7
1953,12,11
1954,1,11
1954,2,12
1954,3,8
1954,4,5
1954,5,5
1954,6,2
1954,7,1
1954,8,2
1954,9,1
1954,10,7
1954,11,10
1954,12,15
1955,1,13
1955,2,11
1955,3,11
1955,4,7
1955,5,9
1955,6,3
1955,7,2
1955,9,1
1955,10,8
1955,11,4
1955,12,11
1956,1,15
1956,2,16
1956,3,12
1956,4,5
1956,5,4
1956,6,2
1956,8,2
1956,9,2
1956,10,8
1956,11,12
1956,12,14
1957,1,11
1957,2,13
1957,3,12
1957,4,10
1957,5,9
1957,6,4
1957,7,2
1957,8,1
1957,9,4
1957,10,6
1957,11,8
1957,12,13
1958,1,10
1958,2,14
1958,3,11
1958,4,6
1958,5,7
1958,6,3
1958,7,2
1958,8,1
1958,9,2
1958,10,5
1958,11,5
1958,12,9
1959,1,13
1959,2,12
1959,3,10
1959,4,9
1959,5,8
1959,6,2
1959,7,2
1959,9,1
1959,10,5
1959,11,6
1959,12,7
1960,1,9
1960,2,7
1960,3,13
1960,4,9
1960,5,6
1960,6,3
1960,9,2
1960,10,10
1960,11,8
1960,12,10
1961,1,12
1961,2,13
1961,3,10
1961,4,13
1961,5,5
1961,6,1
1961,8,2
1961,10,4
1961,11,10
1961,12,16
1962,1,8
1962,2,9
1962,3,8
1962,4,4
1962,5,9
1962,6,1
1962,7,2
1962,8,2
1962,9,2
1962,10,6
1962,11,10
1962,12,15
1963,1,10
1963,2,9
1963,3,10
1963,4,8
1963,5,7
1963,6,1
1963,9,5
1963,10,4
1963,11,12
1963,12,9
1964,1,12
1964,2,8
1964,3,13
1964,4,6
1964,5,11
1964,6,4
1964,7,2
1964,9,1
1964,10,3
1964,11,8
1964,12,8
1965,1,7
1965,2,11
1965,3,10
1965,4,5
1965,5,6
1965,6,2
1965,7,1
1965,8,3
1965,9,3
1965,10,10
1965,11,8
1965,12,15
1966,1,12
1966,2,11
1966,3,11
1966,4,13
1966,5,6
1966,6,2
1966,7,3
1966,8,1
1966,9,3
1966,10,10
1966,11,12
1966,12,9
1967,1,12
1967,2,10
1967,3,13
1967,4,8
1967,5,11
1967,6,3
1967,8,1
1967,9,1
1967,10,11
1967,11,10
1967,12,11
1968,1,11
1968,2,13
1968,3,12
1968,4,4
1968,5,8
1968,7,1
1968,8,1
1968,9,3
1968,10,8
1968,11,6
1968,12,9
1969,1,9
1969,2,6
1969,3,7
1969,4,9
1969,5,7
1969,6,2
1969,7,2
1969,9,3
1969,10,2
1969,11,8
1969,12,10
1970,1,14
1970,2,16
1970,3,11
1970,4,7
1970,5,4
1970,6,1
1970,7,1
1970,9,3
1970,10,5
1970,11,7
1970,12,10
1971,1,13
1971,2,11
1971,3,12
1971,4,7
1971,5,6
1971,8,1
1971,9,2
1971,10,4
1971,11,7
1971,12,8
1972,1,8
1972,2,12
1972,3,9
1972,4,10
1972,5,8
1972,6,3
1972,7,3
1972,9,3
1972,10,3
1972,11,9
1972,12,4
1973,1,12
1973,2,13
1973,3,11
1973,4,4
1973,5,4
1973,6,1
1973,7,1
1973,8,1
1973,10,11
1973,11,9
1973,12,11
1974,1,13
1974,2,12
1974,3,8
1974,4,8
1974,5,6
1974,6,4
1974,7,2
1974,9,2
1974,10,7
1974,11,11
1974,12,12
1975,1,12
1975,2,11
1975,3,12
1975,4,10
1975,5,6
1975,6,4
1975,7,2
1975,8,1
1975,9,4
1975,10,8
1975,11,11
1975,12,9
1976,1,12
1976,2,10
1976,3,12
1976,4,5
1976,5,6
1976,6,4
1976,8,1
1976,9,3
1976,10,1
1976,11,8
1976,12,8
1977,1,11
1977,2,11
1977,3,12
1977,4,5
1977,5,10
1977,6,2
1977,8,1
1977,9,2
1977,10,5
1977,11,11
1977,12,9
1978,1,15
1978,2,8
1978,3,14
1978,4,6
1978,5,3
1978,6,1
1978,9,5
1978,10,3
1978,11,15
1978,12,7
1979,1,12
1979,2,13
1979,3,9
1979,4,8
1979,5,5
1979,6,5
1979,7,2
1979,8,1
1979,9,4
1979,10,9
1979,11,10
1979,12,14
1980,1,12
1980,2,10
1980,3,15
1980,4,8
1980,5,7
1980,6,3
1980,8,2
1980,9,2
1980,10,6
1980,11,9
1980,12,12
1981,1,12
1981,2,12
1981,3,11
1981,4,8
1981,5,4
1981,6,5
1981,7,2
1981,8,2
1981,9,2
1981,10,10
1981,11,10
1981,12,10
1982,1,14
1982,2,11
1982,3,12
1982,4,10
1982,5,6
1982,6,6
1982,8,1
1982,9,3
1982,10,2
1982,11,14
1982,12,11
1983,1,15
1983,2,13
1983,3,7
1983,4,13
1983,5,7
1983,6,4
1983,7,3
1983,9,1
1983,10,10
1983,11,11
1983,12,13
1984,1,16
1984,2,11
1984,3,8
1984,4,10
1984,5,2
1984,6,2
1984,7,1
1984,8,2
1984,9,3
1984,10,14
1984,11,8
1984,12,12
1985,1,13
1985,2,10
1985,3,7
1985,4,7
1985,5,3
1985,6,4
1985,7,2
1985,8,1
1985,9,1
1985,10,8
1985,11,6
1985,12,10
1986,1,16
1986,2,15
1986,3,10
1986,4,7
1986,5,10
1986,6,4
1986,7,1
1986,9,3
1986,10,7
1986,11,7
1986,12,14
1987,1,11
1987,2,10
1987,3,8
1987,4,9
1987,5,8
1987,6,6
1987,7,2
1987,9,3
1987,10,8
1987,11,8
1987,12,7
1988,1,11
1988,2,7
1988,3,13
1988,4,8
1988,5,4
1988,6,3
1988,8,3
1988,9,4
1988,10,8
1988,11,8
1988,12,12
1989,1,16
1989,2,14
1989,3,11
1989,4,10
1989,5,8
1989,6,2
1989,7,1
1989,8,4
1989,9,2
1989,10,8
1989,11,8
1989,12,12
1990,1,8
1990,2,10
1990,3,18
1990,4,11
1990,5,4
1990,6,2
1990,7,1
1990,9,1
1990,10,13
1990,11,15
1990,12,9
1991,1,12
1991,2,12
1991,3,10
1991,4,8
1991,5,9
1991,6,2
1991,7,1
1991,8,2
1991,9,2
1991,10,7
1991,11,8
1991,12,9
1992,1,15
1992,2,10
1992,3,11
1992,4,8
1992,5,4
1992,6,3
1992,9,2
1992,10,9
1992,11,10
1992,12,10
1993,1,16
1993,2,8
1993,3,13
1993,4,7
1993,5,4
1993,6,2
1993,7,3
1993,9,4
1993,10,7
1993,11,6
1993,12,10
1994,1,12
1994,2,10
1994,3,10
1994,4,15
1994,5,6
1994,6,2
1994,8,1
1994,9,4
1994,10,11
1994,11,10
1994,12,15
1995,1,15
1995,2,16
1995,3,13
1995,4,12
1995,5,5
1995,6,1
1995,9,6
1995,10,8
1995,11,7
1995,12,14
1996,1,12
1996,2,8
1996,3,11
1996,4,9
1996,5,8
1996,6,3
1996,8,1
1996,9,2
1996,10,8
1996,11,8
1996,12,13
1997,1,18
1997,2,14
1997,3,13
1997,4,7
1997,5,12
1997,6,4
1997,8,4
1997,9,1
1997,10,9
1997,11,9
1997,12,16
1998,1,15
1998,2,14
1998,3,13
1998,4,8
1998,5,6
1998,6,2
1998,7,1
1998,8,1
1998,9,1
1998,10,6
1998,11,10
1998,12,8
1999,1,14
1999,2,12
1999,3,10
1999,4,8
1999,5,8
1999,6,2
1999,8,1
1999,9,1
1999,10,7
1999,11,12
1999,12,15
2000,1,9
2000,2,13
2000,3,12
2000,4,10
2000,5,4
2000,6,2
2000,8,3
2000,9,2
2000,10,4
2000,11,9
2000,12,11
2001,1,15
2001,2,14
2001,3,13
2001,4,7
2001,5,7
2001,6,4
2001,7,1
2001,9,2
2001,10,5
2001,11,13
2001,12,10
2002,1,13
2002,2,11
2002,3,11
2002,4,10
2002,5,4
2002,6,5
2002,7,3
2002,8,1
2002,9,5
2002,10,11
2002,11,12
2002,12,10
2003,1,16
2003,2,12
2003,3,12
2003,4,11
2003,5,15
2003,6,3
2003,8,3
2003,9,5
2003,10,11
2003,11,9
2003,12,13
2004,1,14
2004,2,14
2004,3,10
2004,4,6
2004,5,7
2004,6,4
2004,7,3
2004,9,3
2004,10,11
2004,11,9
2004,12,7
2005,1,13
2005,2,11
2005,3,13
2005,4,9
2005,5,5
2005,6,6
2005,7,2
2005,9,2
2005,10,10
2005,11,11
2005,12,9
2006,1,11
2006,2,7
2006,3,11
2006,4,13
2006,5,7
2006,6,6
2006,8,1
2006,9,3
2006,10,8
2006,11,14
2006,12,11
2007,1,14
2007,2,18
2007,3,11
2007,4,6
2007,5,8
2007,6,2
2007,7,3
2007,9,5
2007,10,7
2007,11,8
2007,12,16
2008,1,11
2008,2,14
2008,3,17
2008,4,8
2008,5,7
2008,8,3
2008,9,3
2008,10,8
2008,11,4
2008,12,7
2009,1,11
2009,2,9
2009,3,10
2009,4,13
2009,5,7
2009,6,5
2009,7,3
2009,8,2
2009,9,2
2009,10,6
2009,11,7
2009,12,14
2010,1,9
2010,2,10
2010,3,16
2010,4,8
2010,5,8
2010,6,7
2010,7,3
2010,8,1
2010,9,4
2010,10,8
2010,11,8
2010,12,12
2011,1,12
2011,2,9
2011,3,11
2011,4,13
2011,5,5
2011,6,4
2011,7,3
2011,8,2
2011,9,3
2011,10,6
2011,11,2
2011,12,13
2012,1,13
2012,2,14
2012,3,13
2012,4,9
2012,5,9
2012,6,5
2012,7,1
2012,8,1
2012,9,2
2012,10,9
2012,11,16
2012,12,9
2013,1,13
2013,2,14
2013,3,16
2013,4,8
2013,5,8
2013,6,3
2013,7,1
2013,8,2
2013,9,1
2013,10,6
2013,11,12
2013,12,17
2014,1,12
2014,2,12
2014,3,10
2014,4,11
2014,5,10
2014,6,3
2014,7,3
2014,8,2
2014,10,7
2014,11,9
2014,12,13
2015,1,12
2015,2,10
2015,3,10
2015,4,11
2015,5,10
2015,6,8
2015,7,1
2015,8,3
2015,9,4
2015,10,8
2015,11,7
2015,12,14
2016,1,16
2016,2,13
2016,3,11
2016,4,9
2016,5,5
2016,6,1
2016,7,2
2016,8,1
2016,9,2
2016,10,9
2016,11,6
2016,12,8
2017,1,9
2017,2,11
2017,3,13
2017,4,12
2017,5,10
2017,6,7
2017,7,3
2017,8,1
2017,9,3
2017,10,9
2017,11,8
2017,12,12
2018,1,16
2018,2,12
2018,3,14
2018,4,8
2018,5,10
2018,6,3
2018,7,1
2018,8,1
2018,9,3
2018,10,9
2018,11,11
2018,12,10
2019,1,17
2019,2,11
